GPU,Cuda Compute Capability,Product Name,GPU Chip,Released,Bus,Memory,GPU clock,Memory clock,Shaders / TMUs / ROPs,filtered_name_GPU,filtered_name_product
Tesla K80,3.7,Tesla K80,GK210,"Nov 17th, 2014",PCIe 3.0 x16,"12 GB, GDDR5, 384 bit",562 MHz,1253 MHz,2496 / 208 / 48,k80,k80
Tesla K40,3.5,Tesla K40c,GK180,"Oct 8th, 2013",PCIe 3.0 x16,"12 GB, GDDR5, 384 bit",745 MHz,1502 MHz,2880 / 240 / 48,k40,k40c
Tesla K40,3.5,Tesla K40d,GK110B,"Nov 22nd, 2013",PCIe 3.0 x16,"12 GB, GDDR5, 384 bit",745 MHz,1502 MHz,2880 / 240 / 48,k40,k40d
Tesla K40,3.5,Tesla K40s,GK110B,"Nov 22nd, 2013",PCIe 3.0 x16,"12 GB, GDDR5, 384 bit",745 MHz,1502 MHz,2880 / 240 / 48,k40,k40s
Tesla K40,3.5,Tesla K40st,GK110B,"Nov 22nd, 2013",PCIe 3.0 x16,"12 GB, GDDR5, 384 bit",575 MHz,1502 MHz,2880 / 240 / 48,k40,k40st
Tesla K40,3.5,Tesla K40t,GK110B,"Nov 22nd, 2013",PCIe 3.0 x16,"12 GB, GDDR5, 384 bit",745 MHz,1502 MHz,2880 / 240 / 48,k40,k40t
Tesla K40,3.5,Tesla K40m,GK110B,"Nov 22nd, 2013",PCIe 3.0 x16,"12 GB, GDDR5, 384 bit",745 MHz,1502 MHz,2880 / 240 / 48,k40,k40m
Tesla K20,3.5,Tesla K20m,GK110,"Jan 5th, 2013",PCIe 2.0 x16,"5 GB, GDDR5, 320 bit",706 MHz,1300 MHz,2496 / 208 / 40,k20,k20m
Tesla K20,3.5,Tesla K20s,GK110,"Feb 18th, 2013",PCIe 2.0 x16,"5 GB, GDDR5, 320 bit",575 MHz,1300 MHz,2496 / 208 / 40,k20,k20s
Tesla K20,3.5,Tesla K20X,GK110,"Nov 12th, 2012",PCIe 3.0 x16,"6 GB, GDDR5, 384 bit",732 MHz,1300 MHz,2688 / 224 / 48,k20,k20x
Tesla K20,3.5,Tesla K20Xm,GK110,"Nov 12th, 2012",PCIe 3.0 x16,"6 GB, GDDR5, 384 bit",732 MHz,1300 MHz,2688 / 224 / 48,k20,k20xm
Tesla K20,3.5,Tesla K20c,GK110,"Nov 12th, 2012",PCIe 2.0 x16,"5 GB, GDDR5, 320 bit",706 MHz,1300 MHz,2496 / 208 / 40,k20,k20c
Tesla C2075,2.0,Tesla C2075,GF110,"Jul 25th, 2011",PCIe 2.0 x16,"6 GB, GDDR5, 384 bit",574 MHz,783 MHz,448 / 56 / 48,c2075,c2075
Tesla C2050,2.0,Tesla C2050,GF100,"Jul 25th, 2011",PCIe 2.0 x16,"3 GB, GDDR5, 384 bit",574 MHz,750 MHz,448 / 56 / 48,c2050,c2050
Tesla C2070,2.0,Tesla C2070,GF100,"Jul 25th, 2011",PCIe 2.0 x16,"6 GB, GDDR5, 384 bit",574 MHz,747 MHz,448 / 56 / 48,c2070,c2070
H100,9.0,H100 CNX,GH100,"Mar 22nd, 2022",PCIe 5.0 x16,"80 GB, HBM2e, 5120 bit",690 MHz,1593 MHz,14592 / 456 / 24,h100,h100 cnx
H100,9.0,H100 PCIe,GH100,"Mar 22nd, 2022",PCIe 5.0 x16,"80 GB, HBM2e, 5120 bit",1095 MHz,1593 MHz,14592 / 456 / 24,h100,h100 pcie
H100,9.0,H100 SXM5,GH100,"Mar 22nd, 2022",PCIe 5.0 x16,"80 GB, HBM3, 5120 bit",1665 MHz,1313 MHz,16896 / 528 / 24,h100,h100 sxm5
H100,9.0,H100 SXM5 96 GB,GH100,"Mar 22nd, 2022",PCIe 5.0 x16,"96 GB, HBM3, 5120 bit",1665 MHz,1313 MHz,16896 / 528 / 24,h100,h100 sxm5 96 gb
L4,8.9,L4,AD104,"Mar 21st, 2023",PCIe 4.0 x16,"24 GB, GDDR6, 192 bit",795 MHz,1563 MHz,7680 / 240 / 80,l4,l4
L40,8.9,L40,AD102,"Oct 13th, 2022",PCIe 4.0 x16,"48 GB, GDDR6, 384 bit",735 MHz,2250 MHz,18176 / 568 / 192,l40,l40
A100,8.0,A100 PCIe 80 GB,GA100,"Jun 28th, 2021",PCIe 4.0 x16,"80 GB, HBM2e, 5120 bit",1065 MHz,1512 MHz,6912 / 432 / 160,a100,a100 pcie 80 gb
A100,8.0,A100X,GA100,"Jun 28th, 2021",PCIe 4.0 x8,"80 GB, HBM2e, 5120 bit",795 MHz,1593 MHz,6912 / 432 / 160,a100,a100x
A100,8.0,A100 PCIe 40 GB,GA100,"Jun 22nd, 2020",PCIe 4.0 x16,"40 GB, HBM2e, 5120 bit",765 MHz,1215 MHz,6912 / 432 / 160,a100,a100 pcie 40 gb
A100,8.0,A100 SXM4 40 GB,GA100,"May 14th, 2020",PCIe 4.0 x16,"40 GB, HBM2e, 5120 bit",1095 MHz,1215 MHz,6912 / 432 / 160,a100,a100 sxm4 40 gb
A100,8.0,A100 SXM4 80 GB,GA100,"Nov 16th, 2020",PCIe 4.0 x16,"80 GB, HBM2e, 5120 bit",1275 MHz,1593 MHz,6912 / 432 / 160,a100,a100 sxm4 80 gb
A40,8.6,A40 PCIe,GA102,"Oct 5th, 2020",PCIe 4.0 x16,"48 GB, GDDR6, 384 bit",1305 MHz,1812 MHz,10752 / 336 / 112,a40,a40 pcie
A30,8.0,A30 PCIe,GA100,"Apr 12th, 2021",PCIe 4.0 x16,"24 GB, HBM2e, 3072 bit",930 MHz,1215 MHz,3584 / 224 / 96,a30,a30 pcie
A10,8.6,A10 PCIe,GA102,"Apr 12th, 2021",PCIe 4.0 x16,"24 GB, GDDR6, 384 bit",885 MHz,1563 MHz,9216 / 288 / 96,a10,a10 pcie
A16,8.6,A16 PCIe,GA107,"Apr 12th, 2021",PCIe 4.0 x8,"16 GB, GDDR6, 128 bit",1312 MHz,1563 MHz,1280 / 40 / 32,a16,a16 pcie
A2,8.6,A2 PCIe,GA107,"Nov 10th, 2021",PCIe 4.0 x8,"16 GB, GDDR6, 128 bit",1440 MHz,1563 MHz,1280 / 40 / 32,a2,a2 pcie
T4,7.5,Tesla T4,TU104,"Sep 13th, 2018",PCIe 3.0 x16,"16 GB, GDDR6, 256 bit",585 MHz,1250 MHz,2560 / 160 / 64,t4,t4
V100,7.0,Tesla V100 SXM2 16 GB,GV100,"Nov 26th, 2019",PCIe 3.0 x16,"16 GB, HBM2, 4096 bit",1245 MHz,1106 MHz,5120 / 320 / 128,v100,v100 sxm2 16 gb
V100,7.0,Tesla V100S PCIe 32 GB,GV100,"Nov 26th, 2019",PCIe 3.0 x16,"32 GB, HBM2, 4096 bit",1245 MHz,1107 MHz,5120 / 320 / 128,v100,v100s pcie 32 gb
V100,7.0,Tesla V100 DGXS 16 GB,GV100,"Mar 27th, 2018",PCIe 3.0 x16,"16 GB, HBM2, 4096 bit",1354 MHz,876 MHz,5120 / 320 / 128,v100,v100 dgxs 16 gb
V100,7.0,Tesla V100 DGXS 32 GB,GV100,"Mar 27th, 2018",PCIe 3.0 x16,"32 GB, HBM2, 4096 bit",1297 MHz,876 MHz,5120 / 320 / 128,v100,v100 dgxs 32 gb
V100,7.0,Tesla V100 FHHL,GV100,"Mar 27th, 2018",PCIe 3.0 x16,"16 GB, HBM2, 4096 bit",937 MHz,808 MHz,5120 / 320 / 128,v100,v100 fhhl
V100,7.0,Tesla V100 PCIe 32 GB,GV100,"Mar 27th, 2018",PCIe 3.0 x16,"32 GB, HBM2, 4096 bit",1230 MHz,876 MHz,5120 / 320 / 128,v100,v100 pcie 32 gb
V100,7.0,Tesla V100 SXM2 32 GB,GV100,"Mar 27th, 2018",PCIe 3.0 x16,"32 GB, HBM2, 4096 bit",1290 MHz,877 MHz,5120 / 320 / 128,v100,v100 sxm2 32 gb
V100,7.0,Tesla V100 SXM3 32 GB,GV100,"Mar 27th, 2018",PCIe 3.0 x16,"32 GB, HBM2, 4096 bit",1380 MHz,958 MHz,5120 / 320 / 128,v100,v100 sxm3 32 gb
V100,7.0,Tesla V100 PCIe 16 GB,GV100,"Jun 21st, 2017",PCIe 3.0 x16,"16 GB, HBM2, 4096 bit",1245 MHz,876 MHz,5120 / 320 / 128,v100,v100 pcie 16 gb
V100,7.0,Tesla V100 SXM2 16 GB,GV100,"Jun 21st, 2017",PCIe 3.0 x16,"16 GB, HBM2, 4096 bit",1312 MHz,876 MHz,5120 / 320 / 128,v100,v100 sxm2 16 gb
Tesla P100,6.0,Tesla P100 DGXS,GP100,"Apr 5th, 2016",PCIe 3.0 x16,"16 GB, HBM2, 4096 bit",1328 MHz,715 MHz,3584 / 224 / 96,p100,p100 dgxs
Tesla P100,6.0,Tesla P100 PCIe 12 GB,GP100,"Jun 20th, 2016",PCIe 3.0 x16,"12 GB, HBM2, 3072 bit",1190 MHz,715 MHz,3584 / 224 / 96,p100,p100 pcie 12 gb
Tesla P100,6.0,Tesla P100 PCIe 16 GB,GP100,"Jun 20th, 2016",PCIe 3.0 x16,"16 GB, HBM2, 4096 bit",1190 MHz,715 MHz,3584 / 224 / 96,p100,p100 pcie 16 gb
Tesla P100,6.0,Tesla P100 SXM2,GP100,"Apr 5th, 2016",PCIe 3.0 x16,"16 GB, HBM2, 4096 bit",1328 MHz,715 MHz,3584 / 224 / 96,p100,p100 sxm2
Tesla P40,6.1,Tesla P40,GP102,"Sep 13th, 2016",PCIe 3.0 x16,"24 GB, GDDR5X, 384 bit",1303 MHz,1808 MHz,3840 / 240 / 96,p40,p40
Tesla P4,6.1,Tesla P4,GP104,"Sep 13th, 2016",PCIe 3.0 x16,"8 GB, GDDR5, 256 bit",886 MHz,1502 MHz,2560 / 160 / 64,p4,p4
Tesla M60,5.2,Tesla M60,GM204,"Aug 30th, 2015",PCIe 3.0 x16,"8 GB, GDDR5, 256 bit",557 MHz,1253 MHz,2048 / 128 / 64,m60,m60
Tesla M40,5.2,Tesla M40,GM200,"Nov 10th, 2015",PCIe 3.0 x16,"12 GB, GDDR5, 384 bit",948 MHz,1502 MHz,3072 / 192 / 96,m40,m40
Tesla M40,5.2,Tesla M40 24 GB,GM200,"Nov 10th, 2015",PCIe 3.0 x16,"24 GB, GDDR5, 384 bit",948 MHz,1502 MHz,3072 / 192 / 96,m40,m40 24 gb
Tesla K10,3.0,Tesla K10,GK104,"May 1st, 2012",PCIe 3.0 x16,"4 GB, GDDR5, 256 bit",745 MHz,1250 MHz,1536 / 128 / 32,k10,k10
RTX 6000,8.9,RTX 6000 Ada Generation,AD102,"Dec 3rd, 2022",PCIe 4.0 x16,"48 GB, GDDR6, 384 bit",915 MHz,2500 MHz,18176 / 568 / 192,6000,6000 ada generation
RTX A6000,8.6,RTX A6000,GA102,"Oct 5th, 2020",PCIe 4.0 x16,"48 GB, GDDR6, 384 bit",1410 MHz,2000 MHz,10752 / 336 / 112,a6000,a6000
RTX A5000,8.6,RTX A5000,GA102,"Apr 12th, 2021",PCIe 4.0 x16,"24 GB, GDDR6, 384 bit",1170 MHz,2000 MHz,8192 / 256 / 96,a5000,a5000
RTX A5000,8.6,RTX A5000-12Q,GA102,"Apr 12th, 2021",PCIe 4.0 x16,"12 GB, GDDR6, 384 bit",1170 MHz,2000 MHz,8192 / 256 / 96,a5000,a5000-12q
RTX A5000,8.6,RTX A5000-8Q,GA102,"Apr 12th, 2021",PCIe 4.0 x16,"8 GB, GDDR6, 384 bit",1170 MHz,2000 MHz,8192 / 256 / 96,a5000,a5000-8q
RTX A4000,8.6,RTX A4000,GA104,"Apr 12th, 2021",PCIe 4.0 x16,"16 GB, GDDR6, 256 bit",735 MHz,1750 MHz,6144 / 192 / 96,a4000,a4000
RTX A4000,8.6,RTX A4000H,GA104,"Apr 12th, 2021",PCIe 4.0 x16,"16 GB, GDDR6, 256 bit",735 MHz,1750 MHz,6144 / 192 / 96,a4000,a4000h
T1000,7.5,T1000,TU117,"May 6th, 2021",PCIe 3.0 x16,"4 GB, GDDR6, 128 bit",1065 MHz,1250 MHz,896 / 56 / 32,t1000,t1000
T1000,7.5,T1000 8 GB,TU117,"May 6th, 2021",PCIe 3.0 x16,"8 GB, GDDR6, 128 bit",1065 MHz,1250 MHz,896 / 56 / 32,t1000,t1000 8 gb
T600,7.5,T600,TU117,"Apr 12th, 2021",PCIe 3.0 x16,"4 GB, GDDR6, 128 bit",735 MHz,1250 MHz,640 / 40 / 32,t600,t600
T400,7.5,,,,,,,,,t400,
Quadro RTX 8000,7.5,Quadro RTX 8000,TU102,"Aug 13th, 2018",PCIe 3.0 x16,"48 GB, GDDR6, 384 bit",1395 MHz,1750 MHz,4608 / 288 / 96,8000,8000
Quadro RTX 6000,7.5,Quadro RTX 6000,TU102,"Aug 13th, 2018",PCIe 3.0 x16,"24 GB, GDDR6, 384 bit",1440 MHz,1750 MHz,4608 / 288 / 96,6000,6000
Quadro RTX 6000,7.5,Quadro RTX 6000 Passive,TU102,"Aug 13th, 2018",PCIe 3.0 x16,"24 GB, GDDR6, 384 bit",1305 MHz,1750 MHz,4608 / 288 / 96,6000,6000 passive
Quadro RTX 5000,7.5,Quadro RTX 5000,TU104,"Aug 13th, 2018",PCIe 3.0 x16,"16 GB, GDDR6, 256 bit",1620 MHz,1750 MHz,3072 / 192 / 64,5000,5000
Quadro RTX 4000,7.5,Quadro RTX 4000,TU104,"Nov 13th, 2018",PCIe 3.0 x16,"8 GB, GDDR6, 256 bit",1005 MHz,1625 MHz,2304 / 144 / 64,4000,4000
Quadro GV100,7.0,Quadro GV100,GV100,"Mar 27th, 2018",PCIe 3.0 x16,"32 GB, HBM2, 4096 bit",1132 MHz,848 MHz,5120 / 320 / 128,gv100,gv100
Quadro GP100,6.0,Quadro GP100,GP100,"Oct 1st, 2016",PCIe 3.0 x16,"16 GB, HBM2, 4096 bit",1304 MHz,715 MHz,3584 / 224 / 96,gp100,gp100
Quadro P6000,6.1,Quadro P6000,GP102,"Oct 1st, 2016",PCIe 3.0 x16,"24 GB, GDDR5X, 384 bit",1506 MHz,1127 MHz,3840 / 240 / 96,p6000,p6000
Quadro P5000,6.1,Quadro P5000,GP104,"Oct 1st, 2016",PCIe 3.0 x16,"16 GB, GDDR5X, 256 bit",1607 MHz,1127 MHz,2560 / 160 / 64,p5000,p5000
Quadro P4000,6.1,Quadro P4000,GP104,"Feb 6th, 2017",PCIe 3.0 x16,"8 GB, GDDR5, 256 bit",1202 MHz,1901 MHz,1792 / 112 / 64,p4000,p4000
Quadro P2200,6.1,Quadro P2200,GP106,"Jun 10th, 2019",PCIe 3.0 x16,"5 GB, GDDR5X, 160 bit",1000 MHz,1251 MHz,1280 / 80 / 40,p2200,p2200
Quadro P2000,6.1,Quadro P2000,GP106,"Feb 6th, 2017",PCIe 3.0 x16,"5 GB, GDDR5, 160 bit",1076 MHz,1752 MHz,1024 / 64 / 40,p2000,p2000
Quadro P1000,6.1,Quadro P1000,GP107,"Feb 7th, 2017",PCIe 3.0 x16,"4 GB, GDDR5, 128 bit",1354 MHz,1502 MHz,512 / 32 / 16,p1000,p1000
Quadro P620,6.1,Quadro P620,GP107,"Feb 1st, 2018",PCIe 3.0 x16,"2 GB, GDDR5, 128 bit",1266 MHz,1252 MHz,512 / 32 / 16,p620,p620
Quadro P400,6.1,Quadro P400,GP107,"Feb 7th, 2017",PCIe 3.0 x16,"2 GB, GDDR5, 64 bit",1228 MHz,1002 MHz,256 / 16 / 16,p400,p400
Quadro M6000 24GB,5.2,,,,,,,,,m6000 24gb,
Quadro M6000,5.2,Quadro M6000 24 GB,GM200,"Mar 5th, 2016",PCIe 3.0 x16,"24 GB, GDDR5, 384 bit",988 MHz,1653 MHz,3072 / 192 / 96,m6000,m6000 24 gb
Quadro M6000,5.2,Quadro M6000,GM200,"Mar 21st, 2015",PCIe 3.0 x16,"12 GB, GDDR5, 384 bit",988 MHz,1653 MHz,3072 / 192 / 96,m6000,m6000
Quadro K6000,3.5,Quadro K6000,GK110B,"Jul 23rd, 2013",PCIe 3.0 x16,"12 GB, GDDR5, 384 bit",797 MHz,1502 MHz,2880 / 240 / 48,k6000,k6000
Quadro K6000,3.5,Quadro K6000 SDI,GK110,"Jul 23rd, 2013",PCIe 3.0 x16,"12 GB, GDDR5, 384 bit",902 MHz,1502 MHz,2880 / 240 / 48,k6000,k6000 sdi
Quadro M5000,5.2,Quadro M5000,GM204,"Jun 29th, 2015",PCIe 3.0 x16,"8 GB, GDDR5, 256 bit",861 MHz,1653 MHz,2048 / 128 / 64,m5000,m5000
Quadro K5200,3.5,Quadro K5200,GK110B,"Jul 22nd, 2014",PCIe 3.0 x16,"8 GB, GDDR5, 256 bit",667 MHz,1502 MHz,2304 / 192 / 48,k5200,k5200
Quadro K5000,3.0,Quadro K5000 SYNC,GK104,"Jan 25th, 2013",PCIe 2.0 x16,"4 GB, GDDR5, 256 bit",706 MHz,1350 MHz,1536 / 128 / 32,k5000,k5000 sync
Quadro K5000,3.0,Quadro K5000,GK104,"Aug 17th, 2012",PCIe 2.0 x16,"4 GB, GDDR5, 256 bit",706 MHz,1350 MHz,1536 / 128 / 32,k5000,k5000
Quadro K5000,3.0,Quadro K5000 Mac Edition,GK104,"Aug 7th, 2012",PCIe 2.0 x16,"4 GB, GDDR5, 256 bit",706 MHz,1350 MHz,1536 / 128 / 32,k5000,k5000 mac edition
Quadro M4000,5.2,Quadro M4000,GM204,"Jun 29th, 2015",PCIe 3.0 x16,"8 GB, GDDR5, 256 bit",773 MHz,1502 MHz,1664 / 104 / 64,m4000,m4000
Quadro K4200,3.0,Quadro K4200,GK104,"Jul 22nd, 2014",PCIe 2.0 x16,"4 GB, GDDR5, 256 bit",771 MHz,1350 MHz,1344 / 112 / 32,k4200,k4200
Quadro K4000,3.0,Quadro K4000,GK106,"Mar 1st, 2013",PCIe 2.0 x16,"3 GB, GDDR5, 192 bit",810 MHz,1404 MHz,768 / 64 / 24,k4000,k4000
Quadro M2000,5.2,Quadro M2000,GM206,"Apr 8th, 2016",PCIe 3.0 x16,"4 GB, GDDR5, 128 bit",796 MHz,1653 MHz,768 / 48 / 32,m2000,m2000
Quadro K2200,5.0,Quadro K2200,GM107,"Jul 22nd, 2014",PCIe 2.0 x16,"4 GB, GDDR5, 128 bit",1046 MHz,1253 MHz,640 / 40 / 16,k2200,k2200
Quadro K2000,3.0,Quadro K2000,GK107,"Mar 1st, 2013",PCIe 2.0 x16,"2 GB, GDDR5, 128 bit",954 MHz,1000 MHz,384 / 32 / 16,k2000,k2000
Quadro K2000,3.0,Quadro K2000D,GK107,"Mar 1st, 2013",PCIe 2.0 x16,"2 GB, GDDR5, 128 bit",954 MHz,1000 MHz,384 / 32 / 16,k2000,k2000d
Quadro K2000D,3.0,,,,,,,,,k2000d,
Quadro K1200,5.0,Quadro K1200,GM107,"Jan 28th, 2015",PCIe 2.0 x16,"4 GB, GDDR5, 128 bit",1058 MHz,1250 MHz,512 / 32 / 16,k1200,k1200
Quadro K620,5.0,Quadro K620,GM107,"Jul 22nd, 2014",PCIe 2.0 x16,"2 GB, DDR3, 128 bit",1058 MHz,900 MHz,384 / 24 / 16,k620,k620
Quadro K600,3.0,Quadro K600,GK107,"Mar 1st, 2013",PCIe 2.0 x16,"1024 MB, DDR3, 128 bit",876 MHz,891 MHz,192 / 16 / 16,k600,k600
Quadro K420,3.0,Quadro K420,GK107,"Jul 22nd, 2014",PCIe 2.0 x16,"1024 MB, DDR3, 128 bit",876 MHz,891 MHz,192 / 16 / 16,k420,k420
Quadro 410,3.0,Quadro 4100,GK104,Unknown,PCIe 3.0 x16,"2 GB, DDR3, 256 bit",797 MHz,891 MHz,1344 / 112 / 32,410,4100
Quadro 410,3.0,Quadro 410,GK107,"Aug 7th, 2012",PCIe 2.0 x16,"512 MB, DDR3, 64 bit",706 MHz,891 MHz,192 / 16 / 8,410,410
Quadro Plex 7000,2.0,Quadro Plex 7000,GF110,"Jul 25th, 2011",PCIe 2.0 x16,"6 GB, GDDR5, 384 bit",574 MHz,750 MHz,512 / 64 / 48,plex 7000,plex 7000
RTX A3000,8.6,,,,,,,,,a3000,
RTX A2000,8.6,RTX A2000,GA106,"Aug 10th, 2021",PCIe 4.0 x16,"6 GB, GDDR6, 192 bit",562 MHz,1500 MHz,3328 / 104 / 48,a2000,a2000
RTX A2000,8.6,RTX A2000 12 GB,GA106,"Nov 23rd, 2021",PCIe 4.0 x16,"12 GB, GDDR6, 192 bit",562 MHz,1500 MHz,3328 / 104 / 48,a2000,a2000 12 gb
RTX 5000,7.5,RTX 5000 Ada Generation,AD102,Unknown,PCIe 4.0 x16,"32 GB, GDDR6, 384 bit",915 MHz,2500 MHz,15360 / 480 / 176,5000,5000 ada generation
RTX 4000,7.5,RTX 4000 SFF Ada Generation,AD104,"Mar 21st, 2023",PCIe 4.0 x16,"20 GB, GDDR6, 160 bit",720 MHz,1750 MHz,6144 / 192 / 80,4000,4000 sff ada generation
RTX 3000,7.5,,,,,,,,,3000,
T2000,7.5,,,,,,,,,t2000,
T1200,7.5,,,,,,,,,t1200,
T500,7.5,,,,,,,,,t500,
P620,6.1,,,,,,,,,p620,
P520,6.1,,,,,,,,,p520,
Quadro P5200,6.1,,,,,,,,,p5200,
Quadro P4200,6.1,,,,,,,,,p4200,
Quadro P3200,6.1,,,,,,,,,p3200,
Quadro P3000,6.1,,,,,,,,,p3000,
Quadro P500,6.1,,,,,,,,,p500,
Quadro M5500M,5.2,,,,,,,,,m5500m,
Quadro M2200,5.2,,,,,,,,,m2200,
Quadro M1200,5.0,,,,,,,,,m1200,
Quadro M620,5.2,,,,,,,,,m620,
Quadro M520,5.0,,,,,,,,,m520,
Quadro K6000M,3.0,,,,,,,,,k6000m,
Quadro K5200M,3.0,,,,,,,,,k5200m,
Quadro K5100M,3.0,,,,,,,,,k5100m,
Quadro M5000M,5.0,,,,,,,,,m5000m,
Quadro K500M,3.0,,,,,,,,,k500m,
Quadro K4200M,3.0,,,,,,,,,k4200m,
Quadro K4100M,3.0,,,,,,,,,k4100m,
Quadro M4000M,5.0,,,,,,,,,m4000m,
Quadro K3100M,3.0,,,,,,,,,k3100m,
Quadro M3000M,5.0,,,,,,,,,m3000m,
Quadro K2200M,3.0,,,,,,,,,k2200m,
Quadro K2100M,3.0,,,,,,,,,k2100m,
Quadro M2000M,5.0,,,,,,,,,m2000m,
Quadro K1100M,3.0,,,,,,,,,k1100m,
Quadro M1000M,5.0,,,,,,,,,m1000m,
Quadro K620M,5.0,,,,,,,,,k620m,
Quadro K610M,3.5,,,,,,,,,k610m,
Quadro M600M,5.0,,,,,,,,,m600m,
Quadro K510M,3.5,,,,,,,,,k510m,
Quadro M500M,5.0,,,,,,,,,m500m,
GeForce RTX 4090,8.9,GeForce RTX 4090,AD102,"Sep 20th, 2022",PCIe 4.0 x16,"24 GB, GDDR6X, 384 bit",2235 MHz,1313 MHz,16384 / 512 / 176,4090,4090
GeForce RTX 4080,8.9,GeForce RTX 4080,AD103,"Sep 20th, 2022",PCIe 4.0 x16,"16 GB, GDDR6X, 256 bit",2205 MHz,1400 MHz,9728 / 304 / 112,4080,4080
GeForce RTX 4070 Ti,8.9,GeForce RTX 4070 Ti,AD104,"Jan 3rd, 2023",PCIe 4.0 x16,"12 GB, GDDR6X, 192 bit",2310 MHz,1313 MHz,7680 / 240 / 80,4070 ti,4070 ti
GeForce RTX 3090 Ti,8.6,GeForce RTX 3090 Ti,GA102,"Jan 27th, 2022",PCIe 4.0 x16,"24 GB, GDDR6X, 384 bit",1560 MHz,1313 MHz,10752 / 336 / 112,3090 ti,3090 ti
GeForce RTX 3090,8.6,GeForce RTX 3090,GA102,"Sep 1st, 2020",PCIe 4.0 x16,"24 GB, GDDR6X, 384 bit",1395 MHz,1219 MHz,10496 / 328 / 112,3090,3090
GeForce RTX 3080 Ti,8.6,GeForce RTX 3080 Ti 20 GB,GA102,Jan 2022,PCIe 4.0 x16,"20 GB, GDDR6X, 320 bit",1335 MHz,1188 MHz,10240 / 320 / 112,3080 ti,3080 ti 20 gb
GeForce RTX 3080 Ti,8.6,GeForce RTX 3080 Ti,GA102,"May 31st, 2021",PCIe 4.0 x16,"12 GB, GDDR6X, 384 bit",1365 MHz,1188 MHz,10240 / 320 / 112,3080 ti,3080 ti
GeForce RTX 3080,8.6,GeForce RTX 3080 12 GB,GA102,"Jan 11th, 2022",PCIe 4.0 x16,"12 GB, GDDR6X, 384 bit",1260 MHz,1188 MHz,8960 / 280 / 96,3080,3080 12 gb
GeForce RTX 3080,8.6,GeForce RTX 3080,GA102,"Sep 1st, 2020",PCIe 4.0 x16,"10 GB, GDDR6X, 320 bit",1440 MHz,1188 MHz,8704 / 272 / 96,3080,3080
GeForce RTX 3070 Ti,8.6,GeForce RTX 3070 Ti,GA104,"May 31st, 2021",PCIe 4.0 x16,"8 GB, GDDR6X, 256 bit",1575 MHz,1188 MHz,6144 / 192 / 96,3070 ti,3070 ti
GeForce RTX 3070,8.6,GeForce RTX 3070,GA104,"Sep 1st, 2020",PCIe 4.0 x16,"8 GB, GDDR6, 256 bit",1500 MHz,1750 MHz,5888 / 184 / 96,3070,3070
GeForce RTX 3060 Ti,8.6,GeForce RTX 3060 Ti,GA104,"Dec 1st, 2020",PCIe 4.0 x16,"8 GB, GDDR6, 256 bit",1410 MHz,1750 MHz,4864 / 152 / 80,3060 ti,3060 ti
GeForce RTX 3060,8.6,GeForce RTX 3060 8 GB,GA106,"Oct 12th, 2022",PCIe 4.0 x16,"8 GB, GDDR6, 128 bit",1320 MHz,1875 MHz,3584 / 112 / 48,3060,3060 8 gb
GeForce RTX 3060,8.6,GeForce RTX 3060 12 GB,GA106,"Jan 12th, 2021",PCIe 4.0 x16,"12 GB, GDDR6, 192 bit",1320 MHz,1875 MHz,3584 / 112 / 48,3060,3060 12 gb
GeForce GTX 1650 Ti,7.5,,,,,,,,,1650 ti,
TITAN RTX,7.5,TITAN RTX,TU102,"Dec 18th, 2018",PCIe 3.0 x16,"24 GB, GDDR6, 384 bit",1350 MHz,1750 MHz,4608 / 288 / 96,titan,titan
Geforce RTX 2080 Ti,7.5,GeForce RTX 2080 Ti,TU102,"Sep 20th, 2018",PCIe 3.0 x16,"11 GB, GDDR6, 352 bit",1350 MHz,1750 MHz,4352 / 272 / 88,2080 ti,2080 ti
Geforce RTX 2080 super,7.5,GeForce RTX 2080 SUPER,TU104,"Jul 23rd, 2019",PCIe 3.0 x16,"8 GB, GDDR6, 256 bit",1650 MHz,1937 MHz,3072 / 192 / 64,2080 super,2080 super
Geforce RTX 2080,7.5,GeForce RTX 2080,TU104,"Sep 20th, 2018",PCIe 3.0 x16,"8 GB, GDDR6, 256 bit",1515 MHz,1750 MHz,2944 / 184 / 64,2080,2080
Geforce RTX 2070 super,7.5,GeForce RTX 2070 SUPER,TU104,"Jul 9th, 2019",PCIe 3.0 x16,"8 GB, GDDR6, 256 bit",1605 MHz,1750 MHz,2560 / 160 / 64,2070 super,2070 super
Geforce RTX 2070,7.5,GeForce RTX 2070,TU106,"Oct 17th, 2018",PCIe 3.0 x16,"8 GB, GDDR6, 256 bit",1410 MHz,1750 MHz,2304 / 144 / 64,2070,2070
Geforce RTX 2060,7.5,GeForce RTX 2060 12 GB,TU106,"Dec 7th, 2021",PCIe 3.0 x16,"12 GB, GDDR6, 192 bit",1470 MHz,1750 MHz,2176 / 136 / 48,2060,2060 12 gb
Geforce RTX 2060,7.5,GeForce RTX 2060,TU106,"Jan 7th, 2019",PCIe 3.0 x16,"6 GB, GDDR6, 192 bit",1365 MHz,1750 MHz,1920 / 120 / 48,2060,2060
Geforce RTX 2060 super,7.5,GeForce RTX 2060 SUPER,TU106,"Jul 9th, 2019",PCIe 3.0 x16,"8 GB, GDDR6, 256 bit",1470 MHz,1750 MHz,2176 / 136 / 64,2060 super,2060 super
TITAN V,7.0,TITAN V,GV100,"Dec 7th, 2017",PCIe 3.0 x16,"12 GB, HBM2, 3072 bit",1200 MHz,848 MHz,5120 / 320 / 96,titan v,titan v
TITAN Xp,6.1,TITAN Xp,GP102,"Apr 6th, 2017",PCIe 3.0 x16,"12 GB, GDDR5X, 384 bit",1405 MHz,1426 MHz,3840 / 240 / 96,titan xp,titan xp
TITAN X,6.1,TITAN X Pascal,GP102,"Aug 2nd, 2016",PCIe 3.0 x16,"12 GB, GDDR5X, 384 bit",1417 MHz,1251 MHz,3584 / 224 / 96,titan x,titan x pascal
GeForce GTX 1080 Ti,6.1,GeForce GTX 1080 Ti,GP102,"Mar 10th, 2017",PCIe 3.0 x16,"11 GB, GDDR5X, 352 bit",1481 MHz,1376 MHz,3584 / 224 / 88,1080 ti,1080 ti
GeForce GTX 1080,6.1,GeForce GTX 1080,GP104,"May 27th, 2016",PCIe 3.0 x16,"8 GB, GDDR5X, 256 bit",1607 MHz,1251 MHz,2560 / 160 / 64,1080,1080
GeForce GTX 1070 Ti,6.1,GeForce GTX 1070 Ti,GP104,"Nov 2nd, 2017",PCIe 3.0 x16,"8 GB, GDDR5, 256 bit",1607 MHz,2002 MHz,2432 / 152 / 64,1070 ti,1070 ti
GeForce GTX 1070,6.1,GeForce GTX 1070,GP104,"Jun 10th, 2016",PCIe 3.0 x16,"8 GB, GDDR5, 256 bit",1506 MHz,2002 MHz,1920 / 120 / 64,1070,1070
GeForce GTX 1060,6.1,GeForce GTX 1060 6 GB,GP106,"Jul 19th, 2016",PCIe 3.0 x16,"6 GB, GDDR5, 192 bit",1506 MHz,2002 MHz,1280 / 80 / 48,1060,1060 6 gb
GeForce GTX 1060,6.1,GeForce GTX 1060 3 GB,GP106,"Aug 18th, 2016",PCIe 3.0 x16,"3 GB, GDDR5, 192 bit",1506 MHz,2002 MHz,1152 / 72 / 48,1060,1060 3 gb
GeForce GTX 1050,6.1,GeForce GTX 1050,GP107,"Oct 25th, 2016",PCIe 3.0 x16,"2 GB, GDDR5, 128 bit",1354 MHz,1752 MHz,640 / 40 / 32,1050,1050
GeForce GTX 1050 Ti,6.1,GeForce GTX 1050 Ti,GP107,"Oct 25th, 2016",PCIe 3.0 x16,"4 GB, GDDR5, 128 bit",1291 MHz,1752 MHz,768 / 48 / 32,1050 ti,1050 ti
GeForce GTX TITAN X,5.2,GeForce GTX TITAN X,GM200,"Mar 17th, 2015",PCIe 3.0 x16,"12 GB, GDDR5, 384 bit",1000 MHz,1753 MHz,3072 / 192 / 96,titan x,titan x
GeForce GTX TITAN Z,3.5,GeForce GTX TITAN Z,GK110B,"May 28th, 2014",PCIe 3.0 x16,"6 GB, GDDR5, 384 bit",705 MHz,1750 MHz,2880 / 240 / 48,titan z,titan z
GeForce GTX TITAN Black,3.5,GeForce GTX TITAN BLACK,GK110B,"Feb 18th, 2014",PCIe 3.0 x16,"6 GB, GDDR5, 384 bit",889 MHz,1750 MHz,2880 / 240 / 48,titan black,titan black
GeForce GTX TITAN,3.5,GeForce GTX TITAN,GK110,"Feb 19th, 2013",PCIe 3.0 x16,"6 GB, GDDR5, 384 bit",836 MHz,1502 MHz,2688 / 224 / 48,titan,titan
GeForce GTX 980 Ti,5.2,GeForce GTX 980 Ti,GM200,"Jun 2nd, 2015",PCIe 3.0 x16,"6 GB, GDDR5, 384 bit",1000 MHz,1753 MHz,2816 / 176 / 96,980 ti,980 ti
GeForce GTX 980,5.2,GeForce GTX 980,GM204,"Sep 19th, 2014",PCIe 3.0 x16,"4 GB, GDDR5, 256 bit",1127 MHz,1753 MHz,2048 / 128 / 64,980,980
GeForce GTX 970,5.2,GeForce GTX 970,GM204,"Sep 19th, 2014",PCIe 3.0 x16,"4 GB, GDDR5, 256 bit",1050 MHz,1753 MHz,1664 / 104 / 56,970,970
GeForce GTX 960,5.2,GeForce GTX 960,GM206,"Jan 22nd, 2015",PCIe 3.0 x16,"2 GB, GDDR5, 128 bit",1127 MHz,1753 MHz,1024 / 64 / 32,960,960
GeForce GTX 960,5.2,GeForce GTX 960 OEM,GM204,"Nov 26th, 2015",PCIe 3.0 x16,"3 GB, GDDR5, 192 bit",924 MHz,1253 MHz,1280 / 80 / 48,960,960 oem
GeForce GTX 960,5.2,GeForce GTX 960 OEM,GM206,"Nov 26th, 2015",PCIe 3.0 x16,"4 GB, GDDR5, 128 bit",1176 MHz,1753 MHz,1024 / 64 / 32,960,960 oem
GeForce GTX 950,5.2,GeForce GTX 950 Low Power,GM206,"Mar 1st, 2016",PCIe 3.0 x16,"2 GB, GDDR5, 128 bit",1026 MHz,1653 MHz,768 / 48 / 32,950,950 low power
GeForce GTX 950,5.2,GeForce GTX 950 OEM,GM206S,2016,PCIe 3.0 x16,"4 GB, GDDR5, 128 bit",937 MHz,1253 MHz,1024 / 64 / 32,950,950 oem
GeForce GTX 950,5.2,GeForce GTX 950,GM206,"Aug 20th, 2015",PCIe 3.0 x16,"2 GB, GDDR5, 128 bit",1024 MHz,1653 MHz,768 / 48 / 32,950,950
GeForce GTX 780 Ti,3.5,GeForce GTX 780 Ti,GK110B,"Nov 7th, 2013",PCIe 3.0 x16,"3 GB, GDDR5, 384 bit",875 MHz,1753 MHz,2880 / 240 / 48,780 ti,780 ti
GeForce GTX 780,3.5,GeForce GTX 780,GK110,"May 23rd, 2013",PCIe 3.0 x16,"3 GB, GDDR5, 384 bit",863 MHz,1502 MHz,2304 / 192 / 48,780,780
GeForce GTX 780,3.5,GeForce GTX 780 6 GB,GK110B,"Sep 10th, 2013",PCIe 3.0 x16,"6 GB, GDDR5, 384 bit",863 MHz,1502 MHz,2304 / 192 / 48,780,780 6 gb
GeForce GTX 780,3.5,GeForce GTX 780 Rev. 2,GK110B,"Sep 10th, 2013",PCIe 3.0 x16,"3 GB, GDDR5, 384 bit",863 MHz,1502 MHz,2304 / 192 / 48,780,780 rev. 2
GeForce GTX 770,3.0,GeForce GTX 770,GK104,"May 30th, 2013",PCIe 3.0 x16,"2 GB, GDDR5, 256 bit",1046 MHz,1753 MHz,1536 / 128 / 32,770,770
GeForce GTX 760,3.0,GeForce GTX 760 OEM,GK104,"Nov 6th, 2016",PCIe 3.0 x16,"2 GB, GDDR5, 256 bit",993 MHz,1650 MHz,1344 / 112 / 32,760,760 oem
GeForce GTX 760,3.0,GeForce GTX 760,GK104,"Jun 25th, 2013",PCIe 3.0 x16,"2 GB, GDDR5, 256 bit",980 MHz,1502 MHz,1152 / 96 / 32,760,760
GeForce GTX 760,3.0,GeForce GTX 760 OEM,GK104,"Jun 27th, 2013",PCIe 3.0 x16,"1536 MB, GDDR5, 192 bit",823 MHz,1400 MHz,1152 / 96 / 24,760,760 oem
GeForce GTX 760,3.0,GeForce GTX 760 OEM Rebrand,GK104,"Aug 25th, 2013",PCIe 3.0 x16,"1536 MB, GDDR5, 256 bit",823 MHz,1400 MHz,1152 / 96 / 32,760,760 oem rebrand
GeForce GTX 760,3.0,GeForce GTX 760 Ti OEM,GK104,"Sep 27th, 2013",PCIe 3.0 x16,"2 GB, GDDR5, 256 bit",915 MHz,1502 MHz,1344 / 112 / 32,760,760 ti oem
GeForce GTX 760,3.0,GeForce GTX 760 Ti OEM Rebrand,GK104,"Aug 25th, 2013",PCIe 3.0 x16,"2 GB, GDDR5, 256 bit",915 MHz,1502 MHz,1344 / 112 / 32,760,760 ti oem rebrand
GeForce GTX 760,3.0,GeForce GTX 760 X2,GK104,"Nov 19th, 2013",PCIe 3.0 x16,"2 GB, GDDR5, 256 bit",1006 MHz,1502 MHz,1152 / 96 / 32,760,760 x2
GeForce GTX 750 Ti,5.0,GeForce GTX 750 Ti,GM107,"Feb 18th, 2014",PCIe 3.0 x16,"2 GB, GDDR5, 128 bit",1020 MHz,1350 MHz,640 / 40 / 16,750 ti,750 ti
GeForce GTX 750 Ti,5.0,GeForce GTX 750 Ti OEM,GK106,Unknown,PCIe 3.0 x16,"2 GB, GDDR5, 256 bit",1033 MHz,1502 MHz,960 / 80 / 24,750 ti,750 ti oem
GeForce GTX 750,5.0,GeForce GTX 750 GM206,GM206,"Nov 17th, 2015",PCIe 3.0 x16,"2 GB, GDDR5, 128 bit",1087 MHz,1253 MHz,512 / 32 / 32,750,750 gm206
GeForce GTX 750,5.0,GeForce GTX 750,GM107,"Feb 18th, 2014",PCIe 3.0 x16,"1024 MB, GDDR5, 128 bit",1020 MHz,1253 MHz,512 / 32 / 16,750,750
GeForce GTX 690,3.0,GeForce GTX 690,GK104,"May 3rd, 2012",PCIe 3.0 x16,"2 GB, GDDR5, 256 bit",915 MHz,1502 MHz,1536 / 128 / 32,690,690
GeForce GTX 680,3.0,GeForce GTX 680 Mac Edition,GK104,"Apr 3rd, 2013",PCIe 2.0 x16,"2 GB, GDDR5, 256 bit",1006 MHz,1502 MHz,1536 / 128 / 32,680,680 mac edition
GeForce GTX 680,3.0,GeForce GTX 680,GK104,"Mar 22nd, 2012",PCIe 3.0 x16,"2 GB, GDDR5, 256 bit",1006 MHz,1502 MHz,1536 / 128 / 32,680,680
GeForce GTX 670,3.0,GeForce GTX 670,GK104,"May 10th, 2012",PCIe 3.0 x16,"2 GB, GDDR5, 256 bit",915 MHz,1502 MHz,1344 / 112 / 32,670,670
GeForce GTX 660 Ti,3.0,GeForce GTX 660 Ti,GK104,"Aug 16th, 2012",PCIe 3.0 x16,"2 GB, GDDR5, 192 bit",915 MHz,1502 MHz,1344 / 112 / 24,660 ti,660 ti
GeForce GTX 660,3.0,GeForce GTX 660 Rev. 2,GK104,"Sep 13th, 2014",PCIe 3.0 x16,"2 GB, GDDR5, 192 bit",980 MHz,1502 MHz,960 / 80 / 24,660,660 rev. 2
GeForce GTX 660,3.0,GeForce GTX 660,GK106,"Sep 6th, 2012",PCIe 3.0 x16,"2 GB, GDDR5, 192 bit",980 MHz,1502 MHz,960 / 80 / 24,660,660
GeForce GTX 660,3.0,GeForce GTX 660 OEM,GK104,"Aug 22nd, 2012",PCIe 3.0 x16,"2 GB, GDDR5, 256 bit",823 MHz,1400 MHz,1152 / 96 / 32,660,660 oem
GeForce GTX 660,3.0,GeForce GTX 660 OEM,GK104,"Aug 22nd, 2012",PCIe 3.0 x16,"1536 MB, GDDR5, 192 bit",823 MHz,1400 MHz,1152 / 96 / 24,660,660 oem
GeForce GTX 650 Ti BOOST,3.0,GeForce GTX 650 Ti Boost,GK106,"Mar 26th, 2013",PCIe 3.0 x16,"2 GB, GDDR5, 192 bit",980 MHz,1502 MHz,768 / 64 / 24,650 ti boost,650 ti boost
GeForce GTX 650 Ti,3.0,GeForce GTX 650 Ti OEM,GK106,"Mar 31st, 2013",PCIe 3.0 x16,"2 GB, GDDR5, 128 bit",928 MHz,1350 MHz,768 / 64 / 16,650 ti,650 ti oem
GeForce GTX 650 Ti,3.0,GeForce GTX 650 Ti,GK106S,"Oct 9th, 2012",PCIe 3.0 x16,"1024 MB, GDDR5, 128 bit",928 MHz,1350 MHz,768 / 64 / 16,650 ti,650 ti
GeForce GTX 650,3.0,GeForce GTX 650,GK106,"Nov 27th, 2013",PCIe 3.0 x16,"1024 MB, GDDR5, 128 bit",1058 MHz,1250 MHz,384 / 32 / 16,650,650
GeForce GTX 650,3.0,GeForce GTX 650,GK107,"Sep 6th, 2012",PCIe 3.0 x16,"1024 MB, GDDR5, 128 bit",1058 MHz,1250 MHz,384 / 32 / 16,650,650
GeForce GTX 560 Ti,2.1,GeForce GTX 560 Ti,GF114,"Jan 25th, 2011",PCIe 2.0 x16,"1024 MB, GDDR5, 256 bit",823 MHz,1002 MHz,384 / 64 / 32,560 ti,560 ti
GeForce GTX 560 Ti,2.1,GeForce GTX 560 Ti 448,GF110,"Nov 29th, 2011",PCIe 2.0 x16,"1280 MB, GDDR5, 320 bit",732 MHz,950 MHz,448 / 56 / 40,560 ti,560 ti 448
GeForce GTX 560 Ti,2.1,GeForce GTX 560 Ti OEM,GF110,"Mar 30th, 2011",PCIe 2.0 x16,"1280 MB, GDDR5, 256 bit",732 MHz,950 MHz,352 / 44 / 40,560 ti,560 ti oem
GeForce GTX 560 Ti,2.1,GeForce GTX 560 Ti OEM,GF114,"Mar 8th, 2011",PCIe 2.0 x16,"1024 MB, GDDR5, 256 bit",823 MHz,1002 MHz,384 / 64 / 32,560 ti,560 ti oem
GeForce GTX 560 Ti,2.1,GeForce GTX 560 Ti X2,GF114,"Jan 25th, 2011",PCIe 2.0 x16,"1024 MB, GDDR5, 256 bit",850 MHz,1002 MHz,384 / 64 / 32,560 ti,560 ti x2
GeForce GTX 550 Ti,2.1,GeForce GTX 550 Ti,GF116,"Mar 15th, 2011",PCIe 2.0 x16,"1024 MB, GDDR5, 192 bit",900 MHz,1026 MHz,192 / 32 / 24,550 ti,550 ti
GeForce GTX 460,2.1,GeForce GTX 460 X2,GF104,"Mar 11th, 2011",PCIe 2.0 x16,"1024 MB, GDDR5, 256 bit",701 MHz,900 MHz,336 / 56 / 32,460,460 x2
GeForce GTX 460,2.1,GeForce GTX 460 v2,GF114,"Sep 24th, 2011",PCIe 2.0 x16,"1024 MB, GDDR5, 192 bit",779 MHz,1002 MHz,336 / 56 / 24,460,460 v2
GeForce GTX 460,2.1,GeForce GTX 460 v2 ES,GF114,"Sep 24th, 2011",PCIe 2.0 x16,"1280 MB, GDDR5, 256 bit",779 MHz,1002 MHz,336 / 56 / 32,460,460 v2 es
GeForce GTX 460,2.1,GeForce GTX 460,GF104,"Jul 12th, 2010",PCIe 2.0 x16,"1024 MB, GDDR5, 256 bit",675 MHz,900 MHz,336 / 56 / 32,460,460
GeForce GTX 460,2.1,GeForce GTX 460,GF104,"Jul 12th, 2010",PCIe 2.0 x16,"768 MB, GDDR5, 192 bit",675 MHz,900 MHz,336 / 56 / 24,460,460
GeForce GTX 460,2.1,GeForce GTX 460 OEM,GF104,"Oct 11th, 2010",PCIe 2.0 x16,"1024 MB, GDDR5, 256 bit",650 MHz,850 MHz,336 / 56 / 32,460,460 oem
GeForce GTX 460,2.1,GeForce GTX 460 SE,GF104,"Nov 15th, 2010",PCIe 2.0 x16,"1024 MB, GDDR5, 256 bit",650 MHz,850 MHz,288 / 48 / 32,460,460 se
GeForce GTX 460,2.1,GeForce GTX 460 SE v2,GF114,"Nov 15th, 2010",PCIe 2.0 x16,"768 MB, GDDR5, 192 bit",650 MHz,850 MHz,288 / 48 / 24,460,460 se v2
GeForce GTS 450,2.1,GeForce GTS 450 Rev. 3,GF116,"Jul 11th, 2012",PCIe 2.0 x16,"1024 MB, DDR3, 128 bit",783 MHz,700 MHz,144 / 24 / 16,gts 450,gts 450 rev. 3
GeForce GTS 450,2.1,GeForce GTS 450 Rev. 2,GF116,"Mar 15th, 2011",PCIe 2.0 x16,"1024 MB, GDDR5, 128 bit",783 MHz,902 MHz,192 / 32 / 16,gts 450,gts 450 rev. 2
GeForce GTS 450,2.1,GeForce GTS 450,GF106,"Sep 13th, 2010",PCIe 2.0 x16,"1024 MB, GDDR5, 128 bit",783 MHz,902 MHz,192 / 32 / 16,gts 450,gts 450
GeForce GTS 450,2.1,GeForce GTS 450 OEM,GF106,"Sep 13th, 2010",PCIe 2.0 x16,"512 MB, GDDR5, 128 bit",783 MHz,902 MHz,144 / 24 / 16,gts 450,gts 450 oem
GeForce GTS 450,2.1,GeForce GTS 450 OEM,GF106,"Oct 11th, 2010",PCIe 2.0 x16,"1536 MB, GDDR5, 192 bit",790 MHz,1000 MHz,144 / 24 / 24,gts 450,gts 450 oem
GeForce GTX 590,2.0,GeForce GTX 590,GF110,"Mar 24th, 2011",PCIe 2.0 x16,"1536 MB, GDDR5, 384 bit",608 MHz,854 MHz,512 / 64 / 48,590,590
GeForce GTX 580,2.0,GeForce GTX 580 Rev. 2,GF110,"Jun 6th, 2011",PCIe 2.0 x16,"1536 MB, GDDR5, 384 bit",772 MHz,1002 MHz,512 / 64 / 48,580,580 rev. 2
GeForce GTX 580,2.0,GeForce GTX 580,GF110,"Nov 9th, 2010",PCIe 2.0 x16,"1536 MB, GDDR5, 384 bit",772 MHz,1002 MHz,512 / 64 / 48,580,580
GeForce GTX 570,2.0,GeForce GTX 570,GF110,"Dec 7th, 2010",PCIe 2.0 x16,"1280 MB, GDDR5, 320 bit",732 MHz,950 MHz,480 / 60 / 40,570,570
GeForce GTX 570,2.0,GeForce GTX 570 Rev. 2,GF110,"Dec 7th, 2010",PCIe 2.0 x16,"1280 MB, GDDR5, 320 bit",732 MHz,950 MHz,480 / 60 / 40,570,570 rev. 2
GeForce GTX 480,2.0,GeForce GTX 480,GF100,"Mar 26th, 2010",PCIe 2.0 x16,"1536 MB, GDDR5, 384 bit",701 MHz,924 MHz,480 / 60 / 48,480,480
GeForce GTX 470,2.0,GeForce GTX 470,GF100,"Mar 26th, 2010",PCIe 2.0 x16,"1280 MB, GDDR5, 320 bit",608 MHz,837 MHz,448 / 56 / 40,470,470
GeForce GTX 465,2.0,GeForce GTX 465,GF100,"May 31st, 2010",PCIe 2.0 x16,"1024 MB, GDDR5, 256 bit",608 MHz,802 MHz,352 / 44 / 32,465,465
GeForce GT 740,3.0,GeForce GT 740 OEM,GK106S,"Apr 14th, 2015",PCIe 3.0 x16,"1024 MB, GDDR5, 128 bit",1006 MHz,1253 MHz,384 / 32 / 16,gt 740,gt 740 oem
GeForce GT 740,3.0,GeForce GT 740 OEM,GK106S,"Apr 14th, 2015",PCIe 3.0 x16,"1024 MB, GDDR5, 128 bit",980 MHz,1253 MHz,384 / 32 / 16,gt 740,gt 740 oem
GeForce GT 740,3.0,GeForce GT 740,GK107,"May 29th, 2014",PCIe 3.0 x16,"1024 MB, GDDR5, 128 bit",993 MHz,1253 MHz,384 / 32 / 16,gt 740,gt 740
GeForce GT 730,3.5,GeForce GT 730 OEM,GK107,"Apr 9th, 2015",PCIe 3.0 x16,"1024 MB, GDDR5, 64 bit",902 MHz,1253 MHz,384 / 32 / 8,gt 730,gt 730 oem
GeForce GT 730,3.5,GeForce GT 730,GF108,"Jun 18th, 2014",PCIe 2.0 x16,"2 GB, DDR3, 128 bit",700 MHz,800 MHz,96 / 16 / 4,gt 730,gt 730
GeForce GT 730,3.5,GeForce GT 730,GF108,"Jun 18th, 2014",PCIe 2.0 x16,"1024 MB, DDR3, 128 bit",700 MHz,900 MHz,96 / 16 / 4,gt 730,gt 730
GeForce GT 730,3.5,GeForce GT 730,GK208B,"Jun 18th, 2014",PCIe 2.0 x8,"1024 MB, GDDR5, 64 bit",902 MHz,1253 MHz,384 / 32 / 8,gt 730,gt 730
"GeForce GT 730 DDR3,128bit",2.1,,,,,,,,,"gt 730 ddr3,128bit",
GeForce GT 720,3.5,GeForce GT 720 OEM,GK107,"Oct 29th, 2017",PCIe 3.0 x16,"1024 MB, DDR3, 128 bit",993 MHz,891 MHz,192 / 16 / 16,gt 720,gt 720 oem
GeForce GT 720,3.5,GeForce GT 720,GK208,"Mar 27th, 2014",PCIe 2.0 x8,"2 GB, DDR3, 64 bit",967 MHz,900 MHz,384 / 32 / 8,gt 720,gt 720
GeForce GT 720,3.5,GeForce GT 720,GK208B,"Sep 29th, 2014",PCIe 2.0 x8,"1024 MB, DDR3, 64 bit",797 MHz,800 MHz,192 / 16 / 8,gt 720,gt 720
GeForce GT 630,2.1,GeForce GT 630 Rev. 2,GK208,"May 29th, 2013",PCIe 2.0 x8,"2 GB, DDR3, 64 bit",902 MHz,900 MHz,384 / 32 / 8,gt 630,gt 630 rev. 2
GeForce GT 630,2.1,GeForce GT 630 Rev. 2 PCIe x8,GK208,"May 29th, 2013",PCIe 2.0 x8,"2 GB, DDR3, 64 bit",902 MHz,900 MHz,384 / 32 / 8,gt 630,gt 630 rev. 2 pcie x8
GeForce GT 630,2.1,GeForce GT 630,GF108,"May 15th, 2012",PCIe 2.0 x16,"1024 MB, DDR3, 128 bit",810 MHz,900 MHz,96 / 16 / 4,gt 630,gt 630
GeForce GT 630,2.1,GeForce GT 630 OEM,GK107,"Apr 24th, 2012",PCIe 3.0 x16,"1024 MB, DDR3, 128 bit",875 MHz,891 MHz,192 / 16 / 16,gt 630,gt 630 oem
GeForce GT 620,2.1,GeForce GT 620,GF108,"May 15th, 2012",PCIe 2.0 x16,"1024 MB, DDR3, 64 bit",700 MHz,900 MHz,96 / 16 / 4,gt 620,gt 620
GeForce GT 620,2.1,GeForce GT 620 OEM,GF119S,"Apr 2nd, 2012",PCIe 2.0 x16,"512 MB, DDR3, 64 bit",810 MHz,898 MHz,48 / 8 / 4,gt 620,gt 620 oem
GeForce GT 610,2.1,GeForce GT 610 OEM,GF108,"Apr 2nd, 2016",PCIe 2.0 x16,"2 GB, DDR3, 64 bit",701 MHz,500 MHz,48 / 8 / 2,gt 610,gt 610 oem
GeForce GT 610,2.1,GeForce GT 610,GF119S,"Apr 2nd, 2012",PCIe 2.0 x16,"1024 MB, DDR3, 64 bit",810 MHz,898 MHz,48 / 8 / 4,gt 610,gt 610
GeForce GT 610,2.1,GeForce GT 610 OEM,GF119S,"Sep 9th, 2012",PCIe 2.0 x16,"1024 MB, DDR3, 64 bit",550 MHz,500 MHz,48 / 8 / 4,gt 610,gt 610 oem
GeForce GT 610,2.1,GeForce GT 610 PCI,GF119S,"Apr 2nd, 2012",PCI,"512 MB, DDR3, 64 bit",810 MHz,667 MHz,48 / 8 / 4,gt 610,gt 610 pci
GeForce GT 610,2.1,GeForce GT 610 PCIe x1,GF119S,"Apr 2nd, 2012",PCIe 2.0 x1,"512 MB, DDR3, 64 bit",810 MHz,500 MHz,48 / 8 / 4,gt 610,gt 610 pcie x1
GeForce GT 520,2.1,GeForce GT 520 OEM,GF108,"Feb 1st, 2012",PCIe 2.0 x16,"1024 MB, DDR3, 64 bit",700 MHz,667 MHz,48 / 8 / 2,gt 520,gt 520 oem
GeForce GT 520,2.1,GeForce GT 520 OEM,GF119S,"Aug 20th, 2012",PCIe 2.0 x16,"1024 MB, DDR3, 64 bit",589 MHz,500 MHz,48 / 8 / 4,gt 520,gt 520 oem
GeForce GT 520,2.1,GeForce GT 520,GF119S,"Apr 13th, 2011",PCIe 2.0 x16,"1024 MB, DDR3, 64 bit",810 MHz,900 MHz,48 / 8 / 4,gt 520,gt 520
GeForce GT 520,2.1,GeForce GT 520 PCI,GF119S,"Apr 13th, 2011",PCI,"1024 MB, DDR3, 64 bit",810 MHz,900 MHz,48 / 8 / 4,gt 520,gt 520 pci
GeForce GT 520,2.1,GeForce GT 520 PCIe x1,GF119S,"Apr 13th, 2011",PCIe 2.0 x1,"1024 MB, DDR3, 64 bit",810 MHz,900 MHz,48 / 8 / 4,gt 520,gt 520 pcie x1
GeForce GT 440,2.1,GeForce GT 440,GF108,"Feb 1st, 2011",PCIe 2.0 x16,"1024 MB, DDR3, 128 bit",810 MHz,900 MHz,96 / 16 / 4,gt 440,gt 440
GeForce GT 440,2.1,GeForce GT 440 Mac Edition,GF108,"Feb 9th, 2011",PCIe 1.0 x16,"1024 MB, DDR3, 128 bit",810 MHz,667 MHz,96 / 16 / 4,gt 440,gt 440 mac edition
GeForce GT 440,2.1,GeForce GT 440 OEM,GF106,"Oct 11th, 2010",PCIe 2.0 x16,"1536 MB, DDR3, 192 bit",810 MHz,900 MHz,144 / 24 / 24,gt 440,gt 440 oem
GeForce GT 430,2.1,GeForce GT 430,GF108,"Oct 11th, 2010",PCIe 2.0 x16,"512 MB, DDR3, 64 bit",700 MHz,800 MHz,96 / 16 / 4,gt 430,gt 430
GeForce GT 430,2.1,GeForce GT 430 OEM,GF108,"Oct 11th, 2010",PCIe 2.0 x16,"2 GB, DDR3, 128 bit",700 MHz,800 MHz,96 / 16 / 4,gt 430,gt 430 oem
GeForce GT 430,2.1,GeForce GT 430 PCI,GF108,"Oct 11th, 2010",PCI,"512 MB, DDR3, 64 bit",700 MHz,600 MHz,96 / 16 / 4,gt 430,gt 430 pci
GeForce RTX 4070,8.9,GeForce RTX 4070,AD104,"Apr 12th, 2023",PCIe 4.0 x16,"12 GB, GDDR6X, 192 bit",1920 MHz,1313 MHz,5888 / 184 / 64,4070,4070
GeForce RTX 4060,8.9,GeForce RTX 4060,AD107,"May 18th, 2023",PCIe 4.0 x8,"8 GB, GDDR6, 128 bit",1830 MHz,2125 MHz,3072 / 96 / 32,4060,4060
GeForce RTX 4050,8.9,GeForce RTX 4050,AD107,2023,PCIe 4.0 x8,"6 GB, GDDR6, 96 bit",2505 MHz,2250 MHz,2560 / 80 / 32,4050,4050
GeForce RTX 3050 Ti,8.6,,,,,,,,,3050 ti,
GeForce RTX 3050,8.6S,GeForce RTX 3050 8 GB,GA106,"Jan 4th, 2022",PCIe 4.0 x8,"8 GB, GDDR6, 128 bit",1552 MHz,1750 MHz,2560 / 80 / 32,3050,3050 8 gb
GeForce GTX 980M,5.2,,,,,,,,,980m,
GeForce GTX 970M,5.2,,,,,,,,,970m,
GeForce GTX 965M,5.2,,,,,,,,,965m,
GeForce GTX 960M,5.0,,,,,,,,,960m,
GeForce GTX 950M,5.0,,,,,,,,,950m,
GeForce 940M,5.0,,,,,,,,,940m,
GeForce 930M,5.0,,,,,,,,,930m,
GeForce 920M,3.5,,,,,,,,,920m,
GeForce 910M,5.2,,,,,,,,,910m,
GeForce GTX 880M,3.0,,,,,,,,,880m,
GeForce GTX 870M,3.0,,,,,,,,,870m,
GeForce GTX 850M,5.0,,,,,,,,,850m,
GeForce 840M,5.0,,,,,,,,,840m,
GeForce 830M,5.0,,,,,,,,,830m,
GeForce 820M,2.1,,,,,,,,,820m,
GeForce 800M,2.1,,,,,,,,,800m,
GeForce GTX 780M,3.0,,,,,,,,,780m,
GeForce GTX 770M,3.0,,,,,,,,,770m,
GeForce GTX 765M,3.0,,,,,,,,,765m,
GeForce GTX 760M,3.0,,,,,,,,,760m,
GeForce GTX 680MX,3.0,,,,,,,,,680mx,
GeForce GTX 680M,3.0,,,,,,,,,680m,
GeForce GTX 675MX,3.0,,,,,,,,,675mx,
GeForce GTX 675M,2.1,,,,,,,,,675m,
GeForce GTX 670MX,3.0,,,,,,,,,670mx,
GeForce GTX 670M,2.1,,,,,,,,,670m,
GeForce GTX 660M,3.0,,,,,,,,,660m,
GeForce GT 755M,3.0,,,,,,,,,gt 755m,
GeForce GT 750M,3.0,,,,,,,,,gt 750m,
GeForce GT 650M,3.0,,,,,,,,,gt 650m,
GeForce GT 745M,3.0,,,,,,,,,gt 745m,
GeForce GT 645M,3.0,,,,,,,,,gt 645m,
GeForce GT 740M,3.0,,,,,,,,,gt 740m,
GeForce GT 730M,3.0,,,,,,,,,gt 730m,
GeForce GT 640M,3.0,,,,,,,,,gt 640m,
GeForce GT 640M LE,3.0,,,,,,,,,gt 640m le,
GeForce GT 735M,3.0,,,,,,,,,gt 735m,
GeForce GT 635M,2.1,,,,,,,,,gt 635m,
GeForce GT 630M,2.1,,,,,,,,,gt 630m,
GeForce GT 625M,2.1,,,,,,,,,gt 625m,
GeForce GT 720M,2.1,,,,,,,,,gt 720m,
GeForce GT 620M,2.1,,,,,,,,,gt 620m,
GeForce 710M,2.1,,,,,,,,,710m,
GeForce 705M,2.1,,,,,,,,,705m,
GeForce 610M,2.1,,,,,,,,,610m,
GeForce GTX 580M,2.1,,,,,,,,,580m,
GeForce GTX 570M,2.1,,,,,,,,,570m,
GeForce GTX 560M,2.1,,,,,,,,,560m,
GeForce GT 555M,2.1,,,,,,,,,gt 555m,
GeForce GT 550M,2.1,,,,,,,,,gt 550m,
GeForce GT 540M,2.1,,,,,,,,,gt 540m,
GeForce GT 525M,2.1,,,,,,,,,gt 525m,
GeForce GT 520MX,2.1,,,,,,,,,gt 520mx,
GeForce GT 520M,2.1,,,,,,,,,gt 520m,
GeForce GTX 485M,2.1,,,,,,,,,485m,
GeForce GTX 470M,2.1,,,,,,,,,470m,
GeForce GTX 460M,2.1,,,,,,,,,460m,
GeForce GT 445M,2.1,,,,,,,,,gt 445m,
GeForce GT 435M,2.1,,,,,,,,,gt 435m,
GeForce GT 420M,2.1,,,,,,,,,gt 420m,
GeForce GT 415M,2.1,,,,,,,,,gt 415m,
GeForce GTX 480M,2.0,,,,,,,,,480m,
GeForce 410M,2.1,,,,,,,,,410m,
Jetson AGX Orin,8.7,,,,,,,,,jetson agx orin,
Jetson Orin NX,8.7,,,,,,,,,jetson orin nx,
Jetson Orin Nano,8.7,,,,,,,,,jetson orin nano,
Jetson Xavier NX,7.2,,,,,,,,,jetson xavier nx,
Jetson AGX Xavier,7.2,,,,,,,,,jetson agx xavier,
Jetson TX2,6.2,,,,,,,,,jetson tx2,
Jetson Nano,5.3,,,,,,,,,jetson nano,
,,RTX TITAN Ada,AD102,2023,PCIe 4.0 x16,"48 GB, GDDR6X, 384 bit",2235 MHz,1500 MHz,18432 / 576 / 192,,titan ada
,,A800 PCIe 40 GB,GA100,"Nov 8th, 2022",PCIe 4.0 x16,"40 GB, HBM2e, 5120 bit",765 MHz,1215 MHz,6912 / 432 / 160,,a800 pcie 40 gb
,,A800 PCIe 80 GB,GA100,"Nov 8th, 2022",PCIe 4.0 x16,"80 GB, HBM2e, 5120 bit",1065 MHz,1512 MHz,6912 / 432 / 160,,a800 pcie 80 gb
,,A800 SXM4 80 GB,GA100,"Aug 11th, 2022",PCIe 4.0 x16,"80 GB, HBM2e, 5120 bit",1155 MHz,1593 MHz,6912 / 432 / 160,,a800 sxm4 80 gb
,,GeForce GTX 1630,TU117,"Jun 28th, 2022",PCIe 3.0 x8,"4 GB, GDDR6, 64 bit",1740 MHz,1500 MHz,512 / 32 / 16,,1630
,,H800 SXM5,GH100,"Mar 22nd, 2022",PCIe 5.0 x16,"80 GB, HBM3, 5120 bit",1095 MHz,1313 MHz,16896 / 528 / 24,,h800 sxm5
,,RTX A5500,GA102,"Mar 22nd, 2022",PCIe 4.0 x16,"24 GB, GDDR6, 384 bit",1080 MHz,2000 MHz,10240 / 320 / 96,,a5500
,,CMP 170HX 10 GB,GA100,"Sep 1st, 2021",PCIe 4.0 x4,"10 GB, HBM2e, 5120 bit",1140 MHz,1215 MHz,4480 / 280 / 128,,cmp 170hx 10 gb
,,CMP 170HX 8 GB,GA100,"Sep 1st, 2021",PCIe 4.0 x4,"8 GB, HBM2e, 4096 bit",1140 MHz,1458 MHz,4480 / 280 / 128,,cmp 170hx 8 gb
,,CMP 30HX,TU116,"Feb 25th, 2021",PCIe 3.0 x4,"6 GB, GDDR6, 192 bit",1530 MHz,1750 MHz,1408 / 88 / 48,,cmp 30hx
,,CMP 40HX,TU106,"Feb 25th, 2021",PCIe 3.0 x16,"8 GB, GDDR6, 256 bit",1470 MHz,1750 MHz,2304 / 144 / 64,,cmp 40hx
,,CMP 50HX,TU102,"Jun 24th, 2021",PCIe 3.0 x16,"10 GB, GDDR6, 320 bit",1350 MHz,1750 MHz,3584 / 192 / 80,,cmp 50hx
,,CMP 70HX,GA104,2021,PCIe 4.0 x16,"8 GB, GDDR6X, 256 bit",1365 MHz,1188 MHz,6144 / 192 / 96,,cmp 70hx
,,CMP 90HX,GA102,"Jul 28th, 2021",PCIe 4.0 x16,"10 GB, GDDR6X, 320 bit",1500 MHz,1188 MHz,6400 / 200 / 80,,cmp 90hx
,,GeForce GT 1010,GP108,"Jan 13th, 2021",PCIe 3.0 x4,"2 GB, GDDR5, 64 bit",1228 MHz,1502 MHz,256 / 16 / 8,,gt 1010
,,GeForce GT 1010 DDR4,GP108,"Jan 13th, 2021",PCIe 3.0 x4,"2 GB, DDR4, 64 bit",1152 MHz,1050 MHz,256 / 16 / 8,,gt 1010 ddr4
,,PG506-207,GA100,"Apr 12th, 2021",PCIe 4.0 x16,"24 GB, HBM2, 3072 bit",930 MHz,1215 MHz,3584 / 224 / 96,,pg506-207
,,PG506-217,GA100,"Apr 12th, 2021",PCIe 4.0 x16,"24 GB, HBM2, 3072 bit",930 MHz,1215 MHz,3584 / 224 / 96,,pg506-217
,,PG506-232,GA100,"Apr 12th, 2021",PCIe 4.0 x16,"24 GB, HBM2, 3072 bit",930 MHz,1215 MHz,3584 / 224 / 96,,pg506-232
,,PG506-242,GA100,"Apr 12th, 2021",PCIe 4.0 x16,"24 GB, HBM2, 3072 bit",930 MHz,1215 MHz,3584 / 224 / 96,,pg506-242
,,RTX A4500,GA102,"Nov 23rd, 2021",PCIe 4.0 x16,"20 GB, GDDR6, 320 bit",1050 MHz,2000 MHz,7168 / 224 / 96,,a4500
,,RTX A500,GA107,"Nov 10th, 2021",PCIe 4.0 x8,"4 GB, GDDR6, 64 bit",1440 MHz,1750 MHz,2048 / 64 / 32,,a500
,,GRID RTX T10-16,TU102,Unknown,PCIe 3.0 x16,"16 GB, GDDR6, 384 bit",1065 MHz,1575 MHz,4608 / 288 / 96,,grid t10-16
,,GRID RTX T10-2,TU102,2020,PCIe 3.0 x16,"2 GB, GDDR6, 384 bit",1065 MHz,1750 MHz,4608 / 288 / 96,,grid t10-2
,,GRID RTX T10-4,TU102,2020,PCIe 3.0 x16,"4 GB, GDDR6, 384 bit",1065 MHz,1750 MHz,4608 / 288 / 96,,grid t10-4
,,GRID RTX T10-8,TU102,Unknown,PCIe 3.0 x16,"8 GB, GDDR6, 384 bit",1065 MHz,1750 MHz,4608 / 288 / 96,,grid t10-8
,,GeForce GTX 1650 GDDR6,TU117,"Apr 1st, 2020",PCIe 3.0 x16,"4 GB, GDDR6, 128 bit",1410 MHz,1500 MHz,896 / 56 / 32,,1650 gddr6
,,GeForce GTX 1650 TU106,TU106,"Jun 18th, 2020",PCIe 3.0 x16,"4 GB, GDDR6, 128 bit",1410 MHz,1500 MHz,896 / 56 / 32,,1650 tu106
,,GeForce GTX 1650 TU116,TU116,"Jul 7th, 2020",PCIe 3.0 x16,"4 GB, GDDR6, 128 bit",1410 MHz,1500 MHz,896 / 56 / 32,,1650 tu116
,,Tesla T10 16 GB,TU102,2020,PCIe 3.0 x16,"16 GB, GDDR6, 256 bit",1065 MHz,1575 MHz,3072 / 192 / 96,,t10 16 gb
,,GeForce GTX 1650,TU117,"Apr 23rd, 2019",PCIe 3.0 x16,"4 GB, GDDR5, 128 bit",1485 MHz,2001 MHz,896 / 56 / 32,,1650
,,GeForce GTX 1650 SUPER,TU116,"Nov 22nd, 2019",PCIe 3.0 x16,"4 GB, GDDR6, 128 bit",1530 MHz,1500 MHz,1280 / 80 / 32,,1650 super
,,GeForce GTX 1660,TU116,"Mar 14th, 2019",PCIe 3.0 x16,"6 GB, GDDR5, 192 bit",1530 MHz,2001 MHz,1408 / 88 / 48,,1660
,,GeForce GTX 1660 SUPER,TU116,"Oct 29th, 2019",PCIe 3.0 x16,"6 GB, GDDR6, 192 bit",1530 MHz,1750 MHz,1408 / 88 / 48,,1660 super
,,GeForce GTX 1660 Ti,TU116,"Feb 22nd, 2019",PCIe 3.0 x16,"6 GB, GDDR6, 192 bit",1500 MHz,1500 MHz,1536 / 96 / 48,,1660 ti
,,Switch GPU 16nm,GM20B,"Aug 16th, 2019",IGP,"4 GB, DDR4, 64 bit",384 MHz,1600 MHz,256 / 16 / 16,,switch gpu 16nm
,,Tesla PG500-216,GV100,"Nov 26th, 2019",PCIe 3.0 x16,"32 GB, HBM2, 4096 bit",1260 MHz,1106 MHz,5120 / 320 / 128,,pg500-216
,,Tesla PG503-216,GV100,"Nov 26th, 2019",PCIe 3.0 x16,"32 GB, HBM2, 4096 bit",1312 MHz,1106 MHz,5120 / 320 / 128,,pg503-216
,,GeForce GT 1030 DDR4,GP108,"Mar 12th, 2018",PCIe 3.0 x4,"2 GB, DDR4, 64 bit",1152 MHz,1050 MHz,384 / 24 / 16,,gt 1030 ddr4
,,GeForce GT 1030 GK107,GK107,"Sep 30th, 2018",PCIe 3.0 x16,"2 GB, GDDR5, 128 bit",1058 MHz,1250 MHz,384 / 32 / 16,,gt 1030 gk107
,,P102-100,GP102,"Feb 12th, 2018",PCIe 1.0 x4,"5 GB, GDDR5X, 320 bit",1582 MHz,1376 MHz,3200 / 200 / 80,,p102-100
,,P102-101,GP102,2018,PCIe 3.0 x4,"10 GB, GDDR5, 320 bit",1557 MHz,2002 MHz,3200 / 200 / 80,,p102-101
,,P104-101,GP104,"Jan 5th, 2018",PCIe 1.0 x4,"4 GB, GDDR5, 256 bit",1506 MHz,2002 MHz,2560 / 160 / 64,,p104-101
,,GeForce GT 1030,GP108,"May 17th, 2017",PCIe 3.0 x4,"2 GB, GDDR5, 64 bit",1228 MHz,1502 MHz,384 / 24 / 16,,gt 1030
,,P104-100,GP104,"Dec 12th, 2017",PCIe 1.0 x4,"4 GB, GDDR5X, 256 bit",1607 MHz,1251 MHz,1920 / 120 / 64,,p104-100
,,P106-090,GP106,"Jul 31st, 2017",PCIe 3.0 x16,"3 GB, GDDR5, 192 bit",1354 MHz,2002 MHz,768 / 48 / 48,,p106-090
,,P106-100,GP106,"Jun 19th, 2017",PCIe 3.0 x16,"6 GB, GDDR5, 192 bit",1506 MHz,2002 MHz,1280 / 80 / 48,,p106-100
,,Switch GPU 20nm,GM20B,"Mar 17th, 2017",IGP,"4 GB, DDR4, 64 bit",384 MHz,1600 MHz,256 / 16 / 16,,switch gpu 20nm
,,GRID M10-8Q,GM107,"May 18th, 2016",PCIe 3.0 x16,"8 GB, GDDR5, 128 bit",1033 MHz,1300 MHz,640 / 40 / 16,,grid m10-8q
,,GRID M3-3020,GM107,"May 18th, 2016",PCIe 3.0 x16,"4 GB, GDDR5, 128 bit",1033 MHz,1300 MHz,640 / 40 / 16,,grid m3-3020
,,GRID M40,GM107,"May 18th, 2016",PCIe 3.0 x16,"8 GB, GDDR5, 128 bit",1033 MHz,1300 MHz,384 / 32 / 16,,grid m40
,,GeForce GT 710,GF119S,"Jan 26th, 2016",PCIe 2.0 x16,"1024 MB, DDR3, 64 bit",810 MHz,898 MHz,48 / 8 / 4,,gt 710
,,Quadro M3000 SE,GM204,"Oct 2nd, 2016",PCIe 3.0 x16,"4 GB, GDDR5, 256 bit",823 MHz,1253 MHz,1024 / 64 / 32,,m3000 se
,,Tesla M10,GM107,"May 18th, 2016",PCIe 3.0 x16,"8 GB, GDDR5, 128 bit",1033 MHz,1300 MHz,640 / 40 / 16,,m10
,,Tesla P10,GP102,"Sep 13th, 2016",PCIe 3.0 x16,"24 GB, GDDR5X, 384 bit",1025 MHz,1808 MHz,3840 / 240 / 96,,p10
,,GRID M6-8Q,GM204,"Aug 30th, 2015",PCIe 3.0 x16,"8 GB, GDDR5, 256 bit",722 MHz,1253 MHz,1536 / 96 / 64,,grid m6-8q
,,GRID M60-1Q,GM204,"Aug 30th, 2015",PCIe 3.0 x16,"1024 MB, GDDR5, 256 bit",557 MHz,1253 MHz,2048 / 128 / 64,,grid m60-1q
,,GRID M60-2Q,GM204,"Aug 30th, 2015",PCIe 3.0 x16,"2 GB, GDDR5, 256 bit",557 MHz,1253 MHz,2048 / 128 / 64,,grid m60-2q
,,GRID M60-4A,GM204,"Aug 30th, 2015",PCIe 3.0 x16,"4 GB, GDDR5, 256 bit",557 MHz,1253 MHz,2048 / 128 / 64,,grid m60-4a
,,GRID M60-8Q,GM204,"Aug 30th, 2015",PCIe 3.0 x16,"8 GB, GDDR5, 256 bit",557 MHz,1253 MHz,2048 / 128 / 64,,grid m60-8q
,,GeForce GT 710 OEM,GK208B,"Apr 9th, 2015",PCIe 2.0 x8,"1024 MB, DDR3, 64 bit",797 MHz,900 MHz,192 / 16 / 8,,gt 710 oem
,,NVS 810,GM107,"Nov 4th, 2015",PCIe 3.0 x16,"2 GB, DDR3, 64 bit",902 MHz,900 MHz,512 / 32 / 16,,nvs 810
,,Tesla M4,GM206,"Nov 10th, 2015",PCIe 3.0 x16,"4 GB, GDDR5, 128 bit",872 MHz,1375 MHz,1024 / 64 / 32,,m4
,,GRID K120Q,GK107,"Jul 2nd, 2014",PCIe 3.0 x16,"512 MB, DDR3, 128 bit",850 MHz,891 MHz,192 / 16 / 16,,grid k120q
,,GRID K220Q,GK104,"Jul 2nd, 2014",PCIe 3.0 x16,"512 MB, GDDR5, 256 bit",745 MHz,1250 MHz,1536 / 128 / 32,,grid k220q
,,GRID K500,GK104,"Jul 2nd, 2014",PCIe 3.0 x16,"4 GB, GDDR5, 256 bit",745 MHz,1250 MHz,1536 / 128 / 32,,grid k500
,,GRID K520Q,GK104,"Jul 2nd, 2014",PCIe 3.0 x16,"4 GB, GDDR5, 256 bit",745 MHz,1250 MHz,1536 / 128 / 32,,grid k520q
,,GRID K540Q,GK104,"Jul 2nd, 2014",PCIe 3.0 x16,"4 GB, GDDR5, 256 bit",745 MHz,1250 MHz,1536 / 128 / 32,,grid k540q
,,GRID K560Q,GK104,"Jul 2nd, 2014",PCIe 3.0 x16,"4 GB, GDDR5, 256 bit",745 MHz,1250 MHz,1536 / 128 / 32,,grid k560q
,,GeForce GT 710,GK208B,"Mar 27th, 2014",PCIe 2.0 x8,"2 GB, DDR3, 64 bit",954 MHz,900 MHz,192 / 16 / 8,,gt 710
,,GeForce GT 710,GK208,"Mar 27th, 2014",PCIe 2.0 x8,"2 GB, DDR3, 64 bit",954 MHz,900 MHz,192 / 16 / 8,,gt 710
,,GeForce GT 710 PCIe x1,GK208B,"Mar 27th, 2014",PCIe 2.0 x1,"1024 MB, DDR3, 64 bit",954 MHz,800 MHz,192 / 16 / 8,,gt 710 pcie x1
,,GeForce GTX 745 OEM,GM107,"Feb 18th, 2014",PCIe 3.0 x16,"4 GB, DDR3, 128 bit",1033 MHz,900 MHz,384 / 24 / 16,,745 oem
,,Tesla K8,GK104,"Sep 16th, 2014",PCIe 2.0 x16,"8 GB, GDDR5, 256 bit",693 MHz,1250 MHz,1536 / 128 / 32,,k8
,,GRID K1,GK107,"Mar 18th, 2013",PCIe 3.0 x16,"4 GB, DDR3, 128 bit",850 MHz,891 MHz,192 / 16 / 16,,grid k1
,,GRID K100,GK107,"Jun 28th, 2013",PCIe 3.0 x16,"256 MB, DDR3, 128 bit",850 MHz,891 MHz,192 / 16 / 16,,grid k100
,,GRID K140Q,GK107,"Jun 28th, 2013",PCIe 3.0 x16,"1024 MB, DDR3, 128 bit",850 MHz,891 MHz,192 / 16 / 16,,grid k140q
,,GRID K160Q,GK107,"Jun 28th, 2013",PCIe 3.0 x16,"1024 MB, DDR3, 128 bit",850 MHz,891 MHz,192 / 16 / 16,,grid k160q
,,GRID K180Q,GK107,"Jun 28th, 2013",PCIe 3.0 x16,"1024 MB, DDR3, 128 bit",850 MHz,891 MHz,192 / 16 / 16,,grid k180q
,,GRID K2,GK104,"May 11th, 2013",PCIe 3.0 x16,"4 GB, GDDR5, 256 bit",745 MHz,1250 MHz,1536 / 128 / 32,,grid k2
,,GRID K200,GK104,"Jun 28th, 2013",PCIe 3.0 x16,"256 MB, GDDR5, 256 bit",745 MHz,1250 MHz,1536 / 128 / 32,,grid k200
,,GRID K240Q,GK104,"Jun 28th, 2013",PCIe 3.0 x16,"1024 MB, GDDR5, 256 bit",745 MHz,1250 MHz,1536 / 128 / 32,,grid k240q
,,GRID K260Q,GK104,"Jun 28th, 2013",PCIe 3.0 x16,"2 GB, GDDR5, 256 bit",745 MHz,1250 MHz,1536 / 128 / 32,,grid k260q
,,GRID K280Q,GK104,"Jun 28th, 2013",PCIe 3.0 x16,"4 GB, GDDR5, 256 bit",745 MHz,1250 MHz,1536 / 128 / 32,,grid k280q
,,GRID K340,GK107,"Jul 23rd, 2013",PCIe 3.0 x16,"1024 MB, GDDR5, 128 bit",954 MHz,1250 MHz,384 / 32 / 16,,grid k340
,,GRID K520,GK104,"Jul 23rd, 2013",PCIe 3.0 x16,"4 GB, GDDR5, 256 bit",745 MHz,1250 MHz,1536 / 128 / 32,,grid k520
,,GeForce 505 OEM,GT218S,"Jan 6th, 2013",PCIe 1.0 x16,"512 MB, DDR3, 64 bit",589 MHz,600 MHz,16 / 8 / 4,,505 oem
,,GeForce 505 OEM,GT216,"Feb 17th, 2013",PCIe 1.0 x16,"1024 MB, DDR3, 128 bit",615 MHz,700 MHz,24 / 12 / 8,,505 oem
,,GeForce GT 625 OEM,GF119S,"Feb 18th, 2013",PCIe 2.0 x16,"1024 MB, DDR3, 64 bit",874 MHz,825 MHz,48 / 8 / 4,,gt 625 oem
,,GeForce GT 635 OEM,GK208,"Oct 1st, 2013",PCIe 3.0 x8,"1024 MB, DDR3, 64 bit",967 MHz,900 MHz,384 / 32 / 8,,gt 635 oem
,,GeForce GT 640 Rev. 2,GK208,"May 29th, 2013",PCIe 2.0 x8,"1024 MB, GDDR5, 64 bit",1046 MHz,1252 MHz,384 / 32 / 8,,gt 640 rev. 2
,,GeForce GTX 645 OEM,GK106S,"Apr 22nd, 2013",PCIe 3.0 x16,"1024 MB, GDDR5, 128 bit",824 MHz,1000 MHz,576 / 48 / 16,,645 oem
,,NVS 315,GF119S,"Mar 10th, 2013",PCIe 2.0 x16,"1024 MB, DDR3, 64 bit",523 MHz,875 MHz,48 / 8 / 4,,nvs 315
,,Playstation 3 GPU 28nm,RSX-28nm,"Jun 3rd, 2013",IGP,"256 MB, GDDR3, 128 bit",550 MHz,650 MHz,24 / 8 / 24 / 8,,playstation 3 gpu 28nm
,,GeForce 605 OEM,GF119S,"Apr 2nd, 2012",PCIe 2.0 x16,"512 MB, DDR3, 64 bit",523 MHz,897 MHz,48 / 8 / 4,,605 oem
,,GeForce 615 OEM,GF108,"May 15th, 2012",PCIe 2.0 x16,"1024 MB, DDR3, 128 bit",660 MHz,900 MHz,48 / 8 / 4,,615 oem
,,GeForce 9400 GT Rev. 3,GT218S,"Jun 13th, 2012",PCIe 2.0 x16,"128 MB, DDR2, 64 bit",589 MHz,600 MHz,16 / 8 / 4,,9400 gt rev. 3
,,GeForce GT 640,GK107,"Jun 5th, 2012",PCIe 3.0 x16,"2 GB, DDR3, 128 bit",902 MHz,891 MHz,384 / 32 / 16,,gt 640
,,GeForce GT 640 OEM,GK107,"Apr 24th, 2012",PCIe 3.0 x16,"2 GB, DDR3, 128 bit",797 MHz,891 MHz,384 / 32 / 16,,gt 640 oem
,,GeForce GT 640 OEM Rebrand,GF116,"Apr 24th, 2012",PCIe 2.0 x16,"1536 MB, DDR3, 192 bit",720 MHz,800 MHz,144 / 24 / 24,,gt 640 oem rebrand
,,GeForce GT 645 OEM,GF114,"Apr 24th, 2012",PCIe 2.0 x16,"1024 MB, GDDR5, 192 bit",776 MHz,957 MHz,288 / 48 / 24,,gt 645 oem
,,GeForce GTX 560 SE,GF114,"Feb 20th, 2012",PCIe 2.0 x16,"1024 MB, GDDR5, 192 bit",736 MHz,957 MHz,288 / 48 / 24,,560 se
,,NVS 310,GF119S,"Jun 26th, 2012",PCIe 2.0 x16,"512 MB, DDR3, 64 bit",523 MHz,875 MHz,48 / 8 / 4,,nvs 310
,,NVS 510,GK107,"Oct 23rd, 2012",PCIe 2.0 x16,"2 GB, DDR3, 128 bit",797 MHz,891 MHz,192 / 16 / 16,,nvs 510
,,Playstation 3 GPU 40nm,RSX-40nm,"Oct 4th, 2012",IGP,"256 MB, GDDR3, 128 bit",550 MHz,650 MHz,24 / 8 / 24 / 8,,playstation 3 gpu 40nm
,,Quadro 7000,GF110,"May 2nd, 2012",PCIe 2.0 x16,"6 GB, GDDR5, 384 bit",651 MHz,851 MHz,512 / 64 / 48,,7000
,,GeForce 315 OEM,GT215,"Apr 28th, 2011",PCIe 2.0 x16,"256 MB, DDR2, 64 bit",506 MHz,350 MHz,48 / 16 / 4,,315 oem
,,GeForce 315 OEM,GT218S,"Feb 22nd, 2011",PCIe 2.0 x16,"1024 MB, DDR3, 64 bit",589 MHz,600 MHz,16 / 8 / 4,,315 oem
,,GeForce 510 OEM,GF119S,"Sep 29th, 2011",PCIe 2.0 x16,"1024 MB, DDR3, 64 bit",523 MHz,898 MHz,48 / 8 / 4,,510 oem
,,GeForce 9300 GS Rev. 2,GT218S,"Mar 12th, 2011",PCIe 2.0 x16,"256 MB, DDR2, 64 bit",589 MHz,333 MHz,16 / 8 / 4,,9300 gs rev. 2
,,GeForce GT 530 OEM,GF108,"May 14th, 2011",PCIe 2.0 x16,"1024 MB, DDR3, 128 bit",700 MHz,900 MHz,96 / 16 / 4,,gt 530 oem
,,GeForce GT 545,GF116,"May 14th, 2011",PCIe 2.0 x16,"1536 MB, DDR3, 192 bit",720 MHz,800 MHz,144 / 24 / 16,,gt 545
,,GeForce GT 545 OEM,GF116,"May 14th, 2011",PCIe 2.0 x16,"1024 MB, GDDR5, 128 bit",871 MHz,1000 MHz,144 / 24 / 16,,gt 545 oem
,,GeForce GTX 555 OEM,GF114,"May 14th, 2011",PCIe 2.0 x16,"1024 MB, GDDR5, 192 bit",736 MHz,957 MHz,288 / 48 / 24,,555 oem
,,GeForce GTX 560,GF114,"May 17th, 2011",PCIe 2.0 x16,"1024 MB, GDDR5, 256 bit",810 MHz,1000 MHz,336 / 56 / 32,,560
,,GeForce GTX 560 OEM,GF110,"Nov 29th, 2011",PCIe 2.0 x16,"1280 MB, GDDR5, 320 bit",552 MHz,802 MHz,384 / 48 / 40,,560 oem
,,NVS 300,GT218S,"Jan 8th, 2011",PCIe 2.0 x16,"512 MB, DDR3, 64 bit",520 MHz,790 MHz,16 / 8 / 4,,nvs 300
,,Quadro 2000D,GF106,"Oct 5th, 2011",PCIe 2.0 x16,"1024 MB, GDDR5, 128 bit",625 MHz,650 MHz,192 / 32 / 16,,2000d
,,Quadro 400,GT216,"Apr 5th, 2011",PCIe 2.0 x16,"512 MB, DDR3, 64 bit",450 MHz,770 MHz,48 / 16 / 8,,400
,,Quadro 4000 Mac Edition,GF100,"Jun 12th, 2011",PCIe 2.0 x16,"1792 MB, GDDR5, 256 bit",475 MHz,702 MHz,256 / 32 / 32,,4000 mac edition
,,Quadro 5000,GF100,"Feb 23rd, 2011",PCIe 2.0 x16,"2.5 GB, GDDR5, 320 bit",513 MHz,750 MHz,352 / 44 / 40,,5000
,,Quadro 5000 SDI,GF100,"Feb 23rd, 2011",PCIe 2.0 x16,"2.5 GB, GDDR5, 320 bit",513 MHz,750 MHz,352 / 44 / 40,,5000 sdi
,,Quadro 6000 SDI,GF100,"Jul 25th, 2011",PCIe 2.0 x16,"6 GB, GDDR5, 384 bit",574 MHz,747 MHz,448 / 56 / 48,,6000 sdi
,,Tesla C2090,GF110,"Jul 25th, 2011",PCIe 2.0 x16,"6 GB, GDDR5, 384 bit",651 MHz,924 MHz,512 / 64 / 48,,c2090
,,Tesla M2050,GF100,"Jul 25th, 2011",PCIe 2.0 x16,"3 GB, GDDR5, 384 bit",574 MHz,773 MHz,448 / 56 / 48,,m2050
,,Tesla M2070,GF100,"Jul 25th, 2011",PCIe 2.0 x16,"6 GB, GDDR5, 384 bit",574 MHz,783 MHz,448 / 56 / 48,,m2070
,,Tesla M2070-Q,GF100,"Jul 25th, 2011",PCIe 2.0 x16,"6 GB, GDDR5, 384 bit",574 MHz,783 MHz,448 / 56 / 48,,m2070-q
,,Tesla M2075,GF110,"Jul 25th, 2011",PCIe 2.0 x16,"6 GB, GDDR5, 384 bit",574 MHz,783 MHz,448 / 56 / 48,,m2075
,,Tesla M2090,GF110,"Jul 25th, 2011",PCIe 2.0 x16,"6 GB, GDDR5, 384 bit",651 MHz,924 MHz,512 / 64 / 48,,m2090
,,Tesla S2050,GF100,"Jul 25th, 2011",PCIe 2.0 x16,"3 GB, GDDR5, 384 bit",574 MHz,773 MHz,448 / 56 / 48,,s2050
,,Tesla X2070,GF100,"Jul 25th, 2011",MXM-B (3.0),"6 GB, GDDR5, 384 bit",651 MHz,924 MHz,448 / 56 / 48,,x2070
,,Tesla X2090,GF110,"Jul 25th, 2011",PCIe 2.0 x16,"6 GB, GDDR5, 384 bit",651 MHz,924 MHz,512 / 64 / 48,,x2090
,,GeForce 315 OEM,GT216,"Mar 31st, 2010",PCIe 2.0 x16,"512 MB, DDR3, 64 bit",475 MHz,790 MHz,48 / 16 / 8,,315 oem
,,GeForce 405 OEM,GT216,"Sep 3rd, 2010",PCIe 2.0 x16,"512 MB, DDR3, 64 bit",475 MHz,800 MHz,48 / 16 / 8,,405 oem
,,GeForce 405 OEM,GT216,"Sep 3rd, 2010",PCIe 2.0 x16,"1024 MB, DDR2, 128 bit",475 MHz,400 MHz,24 / 12 / 8,,405 oem
,,GeForce 405 OEM,GT218S,"Sep 3rd, 2010",PCIe 2.0 x16,"512 MB, DDR3, 64 bit",589 MHz,790 MHz,16 / 8 / 4,,405 oem
,,GeForce 8400 GS Rev. 3,GT218S,"Jul 12th, 2010",PCIe 2.0 x16,"512 MB, DDR2, 64 bit",520 MHz,400 MHz,8 / 4 / 4,,8400 gs rev. 3
,,GeForce 9500 GT Mac Edition,G96C,"May 19th, 2010",PCIe 2.0 x16,"512 MB, GDDR3, 128 bit",550 MHz,800 MHz,32 / 16 / 8,,9500 gt mac edition
,,GeForce GT 220,G94,"Jan 26th, 2010",PCIe 2.0 x16,"1024 MB, GDDR3, 128 bit",600 MHz,700 MHz,48 / 24 / 8,,gt 220
,,GeForce GT 320 OEM,GT215,"Feb 2nd, 2010",PCIe 2.0 x16,"1024 MB, GDDR3, 128 bit",540 MHz,790 MHz,72 / 24 / 8,,gt 320 oem
,,GeForce GT 330 OEM,G92,"Feb 2nd, 2010",PCIe 2.0 x16,"1024 MB, GDDR3, 256 bit",500 MHz,800 MHz,96 / 48 / 8,,gt 330 oem
,,GeForce GT 330 OEM,GT215,"Feb 2nd, 2010",PCIe 2.0 x16,"512 MB, GDDR3, 128 bit",550 MHz,1000 MHz,96 / 32 / 8,,gt 330 oem
,,GeForce GT 330 OEM,G92B,"Feb 2nd, 2010",PCIe 2.0 x16,"256 MB, DDR2, 128 bit",500 MHz,510 MHz,96 / 48 / 16,,gt 330 oem
,,GeForce GT 330 OEM,GT215,"Feb 2nd, 2010",PCIe 2.0 x16,"1024 MB, GDDR3, 128 bit",540 MHz,790 MHz,96 / 32 / 8,,gt 330 oem
,,GeForce GT 340 OEM,GT215,"Feb 2nd, 2010",PCIe 2.0 x16,"1024 MB, GDDR3, 128 bit",550 MHz,850 MHz,96 / 32 / 8,,gt 340 oem
,,GeForce GT 415 OEM,GT216,"Sep 3rd, 2010",PCIe 2.0 x16,"512 MB, DDR3, 128 bit",625 MHz,333 MHz,48 / 16 / 8,,gt 415 oem
,,GeForce GT 420 OEM,GF108,"Sep 3rd, 2010",PCIe 2.0 x16,"1024 MB, DDR3, 128 bit",700 MHz,900 MHz,48 / 4 / 4,,gt 420 oem
,,GeForce GTX 275 PhysX Edition,GT200B,"Feb 16th, 2010",PCIe 2.0 x16,"896 MB, GDDR3, 448 bit",633 MHz,1134 MHz,240 / 80 / 28,,275 physx edition
,,Quadro 2000,GF106,"Dec 24th, 2010",PCIe 2.0 x16,"1024 MB, GDDR5, 128 bit",625 MHz,650 MHz,192 / 32 / 16,,2000
,,Quadro 4000,GF100,"Nov 2nd, 2010",PCIe 2.0 x16,"2 GB, GDDR5, 256 bit",475 MHz,702 MHz,256 / 32 / 32,,4000
,,Quadro 600,GF108,"Dec 13th, 2010",PCIe 2.0 x16,"1024 MB, DDR3, 128 bit",640 MHz,800 MHz,96 / 16 / 8,,600
,,Quadro 6000,GF100,"Dec 10th, 2010",PCIe 2.0 x16,"6 GB, GDDR5, 384 bit",574 MHz,747 MHz,448 / 56 / 48,,6000
,,GeForce GT 705 OEM,GF119S,"Mar 27th, 2014",PCIe 2.0 x16,"1024 MB, DDR3, 64 bit",874 MHz,825 MHz,48 / 8 / 4,,gt 705 oem
